<?xml version="1.0"?>
<!--<!DOCTYPE metadata SYSTEM "http://www.esri.com/metadata/esriprof80.dtd">-->
<metadata xml:lang="fr"><Esri><CreaDate>20120202</CreaDate><CreaTime>13501300</CreaTime><SyncOnce>FALSE</SyncOnce><SyncDate>20120202</SyncDate><SyncTime>13501300</SyncTime><ModDate>20120202</ModDate><ModTime>13523500</ModTime><DataProperties><lineage><Process ToolSource="C:\Program Files\ArcGIS\ArcToolbox\Toolboxes\Data Management Tools.tbx\CopyFeatures" Date="20110810" Time="135938">CopyFeatures D:\GIS\03_Burkina\02_Base_map\01_Admin\bfa_adm_1m_salb.shp D:\GIS\03_Burkina\BFA.gdb\bfa_adm_1m_salb # 0 0 0</Process><Process ToolSource="C:\Program Files\ArcGIS\ArcToolbox\Toolboxes\Data Management Tools.tbx\DefineProjection" Date="20110812" Time="123356">DefineProjection bfa_adm_1m_salb GEOGCS['GCS_WGS_1984',DATUM['D_WGS_1984',SPHEROID['WGS_1984',6378137.0,298.257223563]],PRIMEM['Greenwich',0.0],UNIT['Degree',0.0174532925199433]] bfa_adm_1m_salb</Process><Process ToolSource="C:\Program Files\ArcGIS\ArcToolbox\Toolboxes\Conversion Tools.tbx\FeatureClassToFeatureClass" Date="20110817" Time="132233">FeatureClassToFeatureClass D:\GIS\03_Burkina\BFA.gdb\bfa_adm_1m_salb D:\GIS\03_Burkina\Recup bfa_adm_1m_salb.shp # "CNTRY_NAME 'CNTRY_NAME' true true false 50 Text 0 0 ,First,#,D:\GIS\03_Burkina\BFA.gdb\bfa_adm_1m_salb,CNTRY_NAME,-1,-1;CNTRY_CODE 'CNTRY_CODE' true true false 50 Text 0 0 ,First,#,D:\GIS\03_Burkina\BFA.gdb\bfa_adm_1m_salb,CNTRY_CODE,-1,-1;ADM1_NAME 'ADM1_NAME' true true false 50 Text 0 0 ,First,#,D:\GIS\03_Burkina\BFA.gdb\bfa_adm_1m_salb,ADM1_NAME,-1,-1;ADM1_CODE 'ADM1_CODE' true true false 50 Text 0 0 ,First,#,D:\GIS\03_Burkina\BFA.gdb\bfa_adm_1m_salb,ADM1_CODE,-1,-1;ADM2_NAME 'ADM2_NAME' true true false 50 Text 0 0 ,First,#,D:\GIS\03_Burkina\BFA.gdb\bfa_adm_1m_salb,ADM2_NAME,-1,-1;ADM2_CODE 'ADM2_CODE' true true false 50 Text 0 0 ,First,#,D:\GIS\03_Burkina\BFA.gdb\bfa_adm_1m_salb,ADM2_CODE,-1,-1;Shape_Leng 'Shape_Length' false true true 8 Double 0 0 ,First,#,D:\GIS\03_Burkina\BFA.gdb\bfa_adm_1m_salb,Shape_Length,-1,-1;Shape_Area 'Shape_Area' false true true 8 Double 0 0 ,First,#,D:\GIS\03_Burkina\BFA.gdb\bfa_adm_1m_salb,Shape_Area,-1,-1" # D:\GIS\03_Burkina\Recup\bfa_adm_1m_salb.shp</Process></lineage></DataProperties><MetaID>{FEA32FC6-5A87-4EFE-92DE-488F5EA33537}</MetaID></Esri><idinfo><native Sync="TRUE">Microsoft Windows Vista Version 6.1 (Build 7600) ; ESRI ArcCatalog 9.3.0.1770</native><descript><langdata>en</langdata><abstract>The present geodata represents the hydrography network (lines) of Nigeria.</abstract><purpose>The data set comes from DCW.</purpose><supplinf>The highest scale of this geodata is 1/1,000,000.</supplinf></descript><citation><citeinfo><origin>The data set comes from DCW</origin><pubdate>2012/02/02</pubdate><title Sync="TRUE">NGA_rvrsl_1m_dcw</title><ftname Sync="TRUE">NGA_rvrsl_1m_dcw</ftname><geoform Sync="TRUE">vector digital data</geoform><onlink>http://cod.humanitarianresponse.info/</onlink><pubtime>02h:05pm</pubtime><edition>First</edition><serinfo><sername>OCHA_NGA_rvrsl_v1_120202</sername></serinfo><pubinfo><pubplace>Dakar, Senegal</pubplace><publish>Abdoulaye DIEYE, GIS Officer, OCHA ROWCA</publish></pubinfo></citeinfo></citation><timeperd><current>ground condition</current><timeinfo><sngdate><caldate>REQUIRED: The year (and optionally month, or month and day) for which the data set corresponds to the ground.</caldate></sngdate></timeinfo></timeperd><status><progress>Complete</progress><update>Unknown</update></status><spdom><bounding><westbc Sync="TRUE">2.675009</westbc><eastbc Sync="TRUE">14.683344</eastbc><northbc Sync="TRUE">13.891663</northbc><southbc Sync="TRUE">4.300013</southbc></bounding><lboundng><leftbc Sync="TRUE">2.675009</leftbc><rightbc Sync="TRUE">14.683344</rightbc><bottombc Sync="TRUE">4.300013</bottombc><topbc Sync="TRUE">13.891663</topbc></lboundng></spdom><keywords><theme><themekt>REQUIRED: Reference to a formally registered thesaurus or a similar authoritative source of theme keywords.</themekt><themekey>rivers, hydrography, network</themekey></theme><place><placekey>Nigeria, West Africa</placekey></place></keywords><useconst>REQUIRED: Restrictions and legal prerequisites for using the data set after access is granted.</useconst><natvform Sync="TRUE">Shapefile</natvform><ptcontac><cntinfo><cntemail>dieye3@un.org</cntemail><cntvoice>+221 33 869 85 14</cntvoice><cntperp><cntper>Abdoulaye DIEYE</cntper><cntorg>OCHA Regional Office for West and Central Africa (ROWCA)</cntorg></cntperp><cntpos>GIS Officer / Information Analyst</cntpos><cntvoice>+221 77 569 96 54</cntvoice><cnttdd>+221 77 569 96 54</cnttdd><cntfax>+221 33 869 85 27</cntfax><cntemail>ablayedieye07@yahoo.fr</cntemail><hours>Monday to thursday 08h:00am - 5h:30pm    Friday 08h:00am-01h:30pm</hours></cntinfo></ptcontac><crossref><citeinfo><pubdate>2012/02/02</pubdate><pubtime>02h:05pm</pubtime><title>NGA_rvrsl_1m_dcw</title><edition>First</edition><geoform>vector digital data</geoform><pubinfo><pubplace>OCHA/ROWCA Dakar/Senegal</pubplace><publish>Abdoulaye DIEYE, GIS OFFICER, OCHA/ROWCA</publish></pubinfo><onlink>http://cod.humanitarianresponse.info/country-region/nigeria</onlink><serinfo><sername>OCHA_NGA_rvrsl_v1_120202</sername></serinfo><origin>The data set comes from DCW.</origin></citeinfo></crossref><browse><browsen>NGA_rvrsl_1m_dcw</browsen><browsed>Hydrography network</browsed><browset>Shapefiles</browset></browse><secinfo><secclass>Unclassified</secclass><sechandl>Sharing only with UN Agencies, partners (NGOs and Governments)</sechandl></secinfo></idinfo><dataIdInfo><envirDesc Sync="TRUE">Microsoft Windows Vista Version 6.1 (Build 7600) ; ESRI ArcCatalog 9.3.0.1770</envirDesc><dataLang><languageCode Sync="TRUE" value="fr"></languageCode></dataLang><idCitation><resTitle Sync="TRUE">NGA_rvrsl_1m_dcw</resTitle><presForm><PresFormCd Sync="TRUE" value="005"></PresFormCd></presForm></idCitation><spatRpType><SpatRepTypCd Sync="TRUE" value="001"></SpatRepTypCd></spatRpType><dataExt><geoEle><GeoBndBox esriExtentType="native"><westBL Sync="TRUE">2,675009</westBL><eastBL Sync="TRUE">14,683344</eastBL><northBL Sync="TRUE">13,891663</northBL><southBL Sync="TRUE">4,300013</southBL><exTypeCode Sync="TRUE">1</exTypeCode></GeoBndBox></geoEle></dataExt><geoBox esriExtentType="decdegrees"><westBL Sync="TRUE">2,675009</westBL><eastBL Sync="TRUE">14,683344</eastBL><northBL Sync="TRUE">13,891663</northBL><southBL Sync="TRUE">4,300013</southBL><exTypeCode Sync="TRUE">1</exTypeCode></geoBox></dataIdInfo><metainfo><langmeta>en</langmeta><metstdn Sync="TRUE">FGDC Content Standards for Digital Geospatial Metadata</metstdn><metstdv Sync="TRUE">FGDC-STD-001-1998</metstdv><mettc Sync="TRUE">local time</mettc><metc><cntinfo><cntaddr><addrtype>REQUIRED: The mailing and/or physical address for the organization or individual.</addrtype><city>Dakar</city><state>Senegal</state><postal>REQUIRED: The ZIP or other postal code of the address.</postal></cntaddr><cntvoice>+221 33 869 85 14</cntvoice><cntvoice>+221 77 569 96 54</cntvoice><cntemail>dieye3@un.org</cntemail><cntemail>ablayedieye07@yahoo.fr</cntemail><cntpos>GIS Officer / Information Analyst</cntpos><cnttdd>+221 77 609 16 21</cnttdd><cntfax>+221 33 869 85 27</cntfax><hours>Monday to thursday 08h:00am - 5h:30pm    Friday 08h:00am-01h:30pm</hours><cntperp><cntper>Abdoulaye DIEYE</cntper><cntorg>OCHA Regional Office for West and Central Africa (ROWCA)</cntorg></cntperp></cntinfo></metc><metd Sync="TRUE">20120202</metd><metac>No</metac><metuc>No</metuc><metsi><metsc>Unclassified</metsc></metsi><metextns><onlink>http://cod.humanitarianresponse.info/country-region/nigeria</onlink><metprof Sync="TRUE">ESRI Metadata Profile</metprof></metextns><metextns><onlink Sync="TRUE">http://www.esri.com/metadata/esriprof80.html</onlink><metprof Sync="TRUE">ESRI Metadata Profile</metprof></metextns></metainfo><mdLang><languageCode Sync="TRUE" value="fr"></languageCode></mdLang><mdStanName Sync="TRUE">ISO 19115 Geographic Information - Metadata</mdStanName><mdStanVer Sync="TRUE">DIS_ESRI1.0</mdStanVer><mdChar><CharSetCd Sync="TRUE" value="004"></CharSetCd></mdChar><mdHrLv><ScopeCd Sync="TRUE" value="005"></ScopeCd></mdHrLv><mdHrLvName Sync="TRUE">dataset</mdHrLvName><distinfo><resdesc Sync="TRUE">Downloadable Data</resdesc><stdorder><digform><digtinfo><transize Sync="TRUE">1,721</transize><dssize Sync="TRUE">1,721</dssize><formname>Shapefile</formname></digtinfo></digform></stdorder></distinfo><distInfo><distributor><distorTran><onLineSrc><orDesc Sync="TRUE">002</orDesc><linkage Sync="TRUE">file://\\GISCOMPUTER\D$\GIS\14_Nigeria\02_Base_map\04_Hydrology\NGA_rvrsl_1m_dcw.shp</linkage><protocol Sync="TRUE">Local Area Network</protocol></onLineSrc><transSize Sync="TRUE">1,721</transSize></distorTran><distorFormat><formatName Sync="TRUE">Shapefile</formatName></distorFormat></distributor></distInfo><spdoinfo><direct Sync="TRUE">Vector</direct><ptvctinf><esriterm Name="NGA_rvrsl_1m_dcw"><efeatyp Sync="TRUE">Simple</efeatyp><efeageom Sync="TRUE">Polyline</efeageom><esritopo Sync="TRUE">FALSE</esritopo><efeacnt Sync="TRUE">5162</efeacnt><spindex Sync="TRUE">TRUE</spindex><linrefer Sync="TRUE">FALSE</linrefer></esriterm><sdtsterm Name="NGA_rvrsl_1m_dcw"><sdtstype Sync="TRUE">String</sdtstype><ptvctcnt Sync="TRUE">5162</ptvctcnt></sdtsterm></ptvctinf></spdoinfo><spatRepInfo><VectSpatRep><topLvl><TopoLevCd Sync="TRUE" value="001"></TopoLevCd></topLvl><geometObjs Name="NGA_rvrsl_1m_dcw"><geoObjTyp><GeoObjTypCd Sync="TRUE" value="001"></GeoObjTypCd></geoObjTyp><geoObjCnt Sync="TRUE">5162</geoObjCnt></geometObjs></VectSpatRep></spatRepInfo><eainfo><detailed Name="NGA_rvrsl_1m_dcw"><enttyp><enttypl Sync="TRUE">NGA_rvrsl_1m_dcw</enttypl><enttypt Sync="TRUE">Feature Class</enttypt><enttypc Sync="TRUE">5162</enttypc></enttyp><attr><attrlabl Sync="TRUE">FID</attrlabl><attalias Sync="TRUE">FID</attalias><attrtype Sync="TRUE">OID</attrtype><attwidth Sync="TRUE">4</attwidth><atprecis Sync="TRUE">0</atprecis><attscale Sync="TRUE">0</attscale><attrdef Sync="TRUE">Internal feature number.</attrdef><attrdefs Sync="TRUE">ESRI</attrdefs><attrdomv><udom Sync="TRUE">Sequential unique whole numbers that are automatically generated.</udom></attrdomv></attr><attr><attrlabl Sync="TRUE">Shape</attrlabl><attalias Sync="TRUE">Shape</attalias><attrtype Sync="TRUE">Geometry</attrtype><attwidth Sync="TRUE">0</attwidth><atprecis Sync="TRUE">0</atprecis><attscale Sync="TRUE">0</attscale><attrdef Sync="TRUE">Feature geometry.</attrdef><attrdefs Sync="TRUE">ESRI</attrdefs><attrdomv><udom Sync="TRUE">Coordinates defining the features.</udom></attrdomv></attr><attr><attrlabl Sync="TRUE">F_CODE_DES</attrlabl><attalias Sync="TRUE">F_CODE_DES</attalias><attrtype Sync="TRUE">String</attrtype><attwidth Sync="TRUE">254</attwidth></attr><attr><attrlabl Sync="TRUE">ISO</attrlabl><attalias Sync="TRUE">ISO</attalias><attrtype Sync="TRUE">String</attrtype><attwidth Sync="TRUE">7</attwidth></attr><attr><attrlabl Sync="TRUE">NAM</attrlabl><attalias Sync="TRUE">NAM</attalias><attrtype Sync="TRUE">String</attrtype><attwidth Sync="TRUE">254</attwidth></attr><attr><attrlabl Sync="TRUE">HYC_DESCRI</attrlabl><attalias Sync="TRUE">HYC_DESCRI</attalias><attrtype Sync="TRUE">String</attrtype><attwidth Sync="TRUE">254</attwidth></attr><attr><attrlabl Sync="TRUE">NAME_0</attrlabl><attalias Sync="TRUE">NAME_0</attalias><attrtype Sync="TRUE">String</attrtype><attwidth Sync="TRUE">54</attwidth></attr></detailed></eainfo><mdDateSt Sync="TRUE">20120202</mdDateSt><spref><horizsys><cordsysn><geogcsn Sync="TRUE">GCS_WGS_1984</geogcsn></cordsysn><geodetic><horizdn Sync="TRUE">D_WGS_1984</horizdn><ellips Sync="TRUE">WGS_1984</ellips><semiaxis Sync="TRUE">6378137.000000</semiaxis><denflat Sync="TRUE">298.257224</denflat></geodetic><geograph><geogunit Sync="TRUE">Decimal degrees</geogunit><latres Sync="TRUE">0.000000</latres><longres Sync="TRUE">0.000000</longres></geograph></horizsys><vertdef><altsys><altdatum>WGS 1984</altdatum><altunits>meters</altunits></altsys><depthsys><depthdn>WGS 1984</depthdn><depthdu>meters</depthdu></depthsys></vertdef></spref><dataqual><lineage><procstep><procdesc>Dataset copied</procdesc><procdate>20120202</procdate></procstep><procstep><procdesc Sync="TRUE">Metadata imported.</procdesc><srcused Sync="TRUE">D:\GIS\Oger_Unicef\Count_Lake_Chad_l03_2011.shp.xml</srcused><procdate Sync="TRUE">20110120</procdate><proctime Sync="TRUE">15342300</proctime></procstep><procstep><procdesc Sync="TRUE">Metadata imported.</procdesc><srcused Sync="TRUE">D:\GIS\Oger_Unicef\Count_Lake_Chad_Hydro_2011_P.shp.xml</srcused><procdate Sync="TRUE">20110120</procdate><proctime Sync="TRUE">16460400</proctime></procstep><procstep><procdesc Sync="TRUE">Metadata imported.</procdesc><srcused Sync="TRUE">D:\GIS\Oger_Unicef\Count_Lake_Chad_river_AGD_2011.shp.xml</srcused><procdate Sync="TRUE">20110120</procdate><proctime Sync="TRUE">17013100</proctime></procstep><procstep><procdesc Sync="TRUE">Metadata imported.</procdesc><srcused Sync="TRUE">D:\GIS\Oger_Unicef\Sudre_UNICEF\Count_Lake_Chad_road_AGD_2011.shp.xml</srcused><procdate Sync="TRUE">20110121</procdate><proctime Sync="TRUE">09530600</proctime></procstep><procstep><procdesc Sync="TRUE">Metadata imported.</procdesc><srcused Sync="TRUE">D:\GIS\Oger_Unicef\Sudre_UNICEF\Count_Lake_Chad_places_AOI_2011.shp.xml</srcused><procdate Sync="TRUE">20110804</procdate><proctime Sync="TRUE">12491700</proctime></procstep><srcinfo><srcscale>1/1,000,000</srcscale></srcinfo><procstep><procdesc Sync="TRUE">Dataset copied.</procdesc><srcused Sync="TRUE">D:\GIS\03_Burkina\02_Base_map\01_Admin\bfa_aug01-apr09</srcused><procdate Sync="TRUE">20110809</procdate><proctime Sync="TRUE">14095300</proctime></procstep><procstep><procdesc Sync="TRUE">Metadata imported.</procdesc><srcused Sync="TRUE">D:\GIS\03_Burkina\Recup\bfa_adm_1m_salb.shp.xml</srcused><procdate Sync="TRUE">20111117</procdate><proctime Sync="TRUE">10522600</proctime></procstep><procstep><procdesc Sync="TRUE">Metadata imported.</procdesc><srcused Sync="TRUE">D:\GIS\21_Cameroon\02_Base_map\01_Admin\CMR_adm1_1m_salb.shp.xml</srcused><procdate Sync="TRUE">20120125</procdate><proctime Sync="TRUE">10374100</proctime></procstep><procstep><procdesc Sync="TRUE">Metadata imported.</procdesc><srcused Sync="TRUE">D:\GIS\12_Mauritania\02_Base_map\01_Admin\MRT_adm1_1m_salb.shp.xml</srcused><procdate Sync="TRUE">20120125</procdate><proctime Sync="TRUE">16015700</proctime></procstep><procstep><procdesc Sync="TRUE">Metadata imported.</procdesc><srcused Sync="TRUE">D:\GIS\11_Mali\02_Base_map\01_Admin\MLI_adm1_1m_salb.shp.xml</srcused><procdate Sync="TRUE">20120127</procdate><proctime Sync="TRUE">11055500</proctime></procstep><procstep><procdesc Sync="TRUE">Metadata imported.</procdesc><srcused Sync="TRUE">D:\GIS\15_Senegal\02_Base_map\01_Admin\SEN_adm1_1m_salb.shp.xml</srcused><procdate Sync="TRUE">20120131</procdate><proctime Sync="TRUE">12574900</proctime></procstep><procstep><procdesc Sync="TRUE">Metadata imported.</procdesc><srcused Sync="TRUE">D:\GIS\14_Nigeria\02_Base_map\01_Admin\NGA_adm1_1m_salb.shp.xml</srcused><procdate Sync="TRUE">20120202</procdate><proctime Sync="TRUE">13202400</proctime></procstep><procstep><procdesc Sync="TRUE">Metadata imported.</procdesc><srcused Sync="TRUE">D:\GIS\14_Nigeria\02_Base_map\03_Transportation_Network\NGA_rds_1m_dcw.shp.xml</srcused><procdate Sync="TRUE">20120202</procdate><proctime Sync="TRUE">13420000</proctime></procstep><procstep><procdesc Sync="TRUE">Dataset copied.</procdesc><srcused Sync="TRUE"></srcused><procdate Sync="TRUE">20120202</procdate><proctime Sync="TRUE">13435900</proctime></procstep><procstep><procdesc Sync="TRUE">Metadata imported.</procdesc><srcused Sync="TRUE">D:\GIS\14_Nigeria\02_Base_map\04_Hydrology\NGA_rvrsp_1m_dcw.shp.xml</srcused><procdate Sync="TRUE">20120202</procdate><proctime Sync="TRUE">13501300</proctime></procstep></lineage></dataqual><refSysInfo><RefSystem><refSysID><identCode Sync="TRUE">GCS_WGS_1984</identCode></refSysID></RefSystem></refSysInfo></metadata>
